{
  "sankey": {
    "nodes": [{
      "name": "34367",
      "node": 0
    }, {
      "name": "34346",
      "node": 1
    }, {
      "name": "34332",
      "node": 2
    }, {
      "name": "34348",
      "node": 3
    }, {
      "name": "34404",
      "node": 4
    }, {
      "name": "34326",
      "node": 5
    }, {
      "name": "34352",
      "node": 6
    }, {
      "name": "34391",
      "node": 7
    }, {
      "name": "34352",
      "node": 8
    }, {
      "name": "34357",
      "node": 9
    }, {
      "name": "34368",
      "node": 10
    }, {
      "name": "34358",
      "node": 11
    }, {
      "name": "34411",
      "node": 12
    }, {
      "name": "34368",
      "node": 13
    }, {
      "name": "34368",
      "node": 14
    }, {
      "name": "34334",
      "node": 15
    }, {
      "name": "34388",
      "node": 16
    }, {
      "name": "34376",
      "node": 17
    }, {
      "name": "34376",
      "node": 18
    }, {
      "name": "34388",
      "node": 19
    }, {
      "name": "34381",
      "node": 20
    }, {
      "name": "34408",
      "node": 21
    }, {
      "name": "34390",
      "node": 22
    }, {
      "name": "34418",
      "node": 23
    }, {
      "name": "34324",
      "node": 24
    }, {
      "name": "34399",
      "node": 25
    }, {
      "name": "34400",
      "node": 26
    }, {
      "name": "34387",
      "node": 27
    }, {
      "name": "34393",
      "node": 28
    }, {
      "name": "34326",
      "node": 29
    }, {
      "name": "34391",
      "node": 30
    }, {
      "name": "34352",
      "node": 31
    }, {
      "name": "34340",
      "node": 32
    }, {
      "name": "34347",
      "node": 33
    }, {
      "name": "34332",
      "node": 34
    }, {
      "name": "34348",
      "node": 35
    }, {
      "name": "34404",
      "node": 36
    }],
    "links": [{
      "source": 0,
      "target": 1,
      "value": 0.11320754716981132,
      "rank": 1
    }, {
      "source": 1,
      "target": 2,
      "value": 0.11320754716981132,
      "rank": 1
    }, {
      "source": 2,
      "target": 3,
      "value": 0.11320754716981132,
      "rank": 1
    }, {
      "source": 3,
      "target": 4,
      "value": 0.11320754716981132,
      "rank": 1
    }, {
      "source": 4,
      "target": 5,
      "value": 0.11320754716981132,
      "rank": 1
    }, {
      "source": 5,
      "target": 6,
      "value": 0.11320754716981132,
      "rank": 1
    }, {
      "source": 6,
      "target": 7,
      "value": 0.11320754716981132,
      "rank": 1
    }, {
      "source": 7,
      "target": 8,
      "value": 0.11320754716981132,
      "rank": 1
    }, {
      "source": 8,
      "target": 9,
      "value": 0.11320754716981132,
      "rank": 1
    }, {
      "source": 9,
      "target": 10,
      "value": 0.11320754716981132,
      "rank": 1
    }, {
      "source": 0,
      "target": 1,
      "value": 0.05660377358490566,
      "rank": 2
    }, {
      "source": 1,
      "target": 2,
      "value": 0.05660377358490566,
      "rank": 2
    }, {
      "source": 2,
      "target": 3,
      "value": 0.05660377358490566,
      "rank": 2
    }, {
      "source": 3,
      "target": 4,
      "value": 0.05660377358490566,
      "rank": 2
    }, {
      "source": 4,
      "target": 5,
      "value": 0.05660377358490566,
      "rank": 2
    }, {
      "source": 5,
      "target": 6,
      "value": 0.05660377358490566,
      "rank": 2
    }, {
      "source": 6,
      "target": 7,
      "value": 0.05660377358490566,
      "rank": 2
    }, {
      "source": 7,
      "target": 8,
      "value": 0.05660377358490566,
      "rank": 2
    }, {
      "source": 8,
      "target": 11,
      "value": 0.05660377358490566,
      "rank": 2
    }, {
      "source": 11,
      "target": 12,
      "value": 0.05660377358490566,
      "rank": 2
    }, {
      "source": 0,
      "target": 1,
      "value": 0.05660377358490566,
      "rank": 3
    }, {
      "source": 1,
      "target": 2,
      "value": 0.05660377358490566,
      "rank": 3
    }, {
      "source": 2,
      "target": 3,
      "value": 0.05660377358490566,
      "rank": 3
    }, {
      "source": 3,
      "target": 4,
      "value": 0.05660377358490566,
      "rank": 3
    }, {
      "source": 4,
      "target": 5,
      "value": 0.05660377358490566,
      "rank": 3
    }, {
      "source": 5,
      "target": 13,
      "value": 0.05660377358490566,
      "rank": 3
    }, {
      "source": 13,
      "target": 7,
      "value": 0.05660377358490566,
      "rank": 3
    }, {
      "source": 7,
      "target": 14,
      "value": 0.05660377358490566,
      "rank": 3
    }, {
      "source": 14,
      "target": 15,
      "value": 0.05660377358490566,
      "rank": 3
    }, {
      "source": 15,
      "target": 16,
      "value": 0.05660377358490566,
      "rank": 3
    }, {
      "source": 0,
      "target": 1,
      "value": 0.05660377358490566,
      "rank": 4
    }, {
      "source": 1,
      "target": 2,
      "value": 0.05660377358490566,
      "rank": 4
    }, {
      "source": 2,
      "target": 3,
      "value": 0.05660377358490566,
      "rank": 4
    }, {
      "source": 3,
      "target": 4,
      "value": 0.05660377358490566,
      "rank": 4
    }, {
      "source": 4,
      "target": 5,
      "value": 0.05660377358490566,
      "rank": 4
    }, {
      "source": 5,
      "target": 17,
      "value": 0.05660377358490566,
      "rank": 4
    }, {
      "source": 17,
      "target": 7,
      "value": 0.05660377358490566,
      "rank": 4
    }, {
      "source": 7,
      "target": 18,
      "value": 0.05660377358490566,
      "rank": 4
    }, {
      "source": 18,
      "target": 19,
      "value": 0.05660377358490566,
      "rank": 4
    }, {
      "source": 19,
      "target": 20,
      "value": 0.05660377358490566,
      "rank": 4
    }, {
      "source": 0,
      "target": 1,
      "value": 0.05660377358490566,
      "rank": 5
    }, {
      "source": 1,
      "target": 2,
      "value": 0.05660377358490566,
      "rank": 5
    }, {
      "source": 2,
      "target": 3,
      "value": 0.05660377358490566,
      "rank": 5
    }, {
      "source": 3,
      "target": 4,
      "value": 0.05660377358490566,
      "rank": 5
    }, {
      "source": 4,
      "target": 21,
      "value": 0.05660377358490566,
      "rank": 5
    }, {
      "source": 21,
      "target": 22,
      "value": 0.05660377358490566,
      "rank": 5
    }, {
      "source": 22,
      "target": 23,
      "value": 0.05660377358490566,
      "rank": 5
    }, {
      "source": 23,
      "target": 24,
      "value": 0.05660377358490566,
      "rank": 5
    }, {
      "source": 24,
      "target": 25,
      "value": 0.05660377358490566,
      "rank": 5
    }, {
      "source": 25,
      "target": 26,
      "value": 0.05660377358490566,
      "rank": 5
    }, {
      "source": 0,
      "target": 1,
      "value": 0.03773584905660377,
      "rank": 6
    }, {
      "source": 1,
      "target": 2,
      "value": 0.03773584905660377,
      "rank": 6
    }, {
      "source": 2,
      "target": 3,
      "value": 0.03773584905660377,
      "rank": 6
    }, {
      "source": 3,
      "target": 4,
      "value": 0.03773584905660377,
      "rank": 6
    }, {
      "source": 4,
      "target": 5,
      "value": 0.03773584905660377,
      "rank": 6
    }, {
      "source": 5,
      "target": 17,
      "value": 0.03773584905660377,
      "rank": 6
    }, {
      "source": 17,
      "target": 7,
      "value": 0.03773584905660377,
      "rank": 6
    }, {
      "source": 7,
      "target": 18,
      "value": 0.03773584905660377,
      "rank": 6
    }, {
      "source": 18,
      "target": 19,
      "value": 0.03773584905660377,
      "rank": 6
    }, {
      "source": 19,
      "target": 27,
      "value": 0.03773584905660377,
      "rank": 6
    }, {
      "source": 0,
      "target": 1,
      "value": 0.03773584905660377,
      "rank": 7
    }, {
      "source": 1,
      "target": 2,
      "value": 0.03773584905660377,
      "rank": 7
    }, {
      "source": 2,
      "target": 3,
      "value": 0.03773584905660377,
      "rank": 7
    }, {
      "source": 3,
      "target": 4,
      "value": 0.03773584905660377,
      "rank": 7
    }, {
      "source": 4,
      "target": 5,
      "value": 0.03773584905660377,
      "rank": 7
    }, {
      "source": 5,
      "target": 28,
      "value": 0.03773584905660377,
      "rank": 7
    }, {
      "source": 28,
      "target": 29,
      "value": 0.03773584905660377,
      "rank": 7
    }, {
      "source": 29,
      "target": 8,
      "value": 0.03773584905660377,
      "rank": 7
    }, {
      "source": 8,
      "target": 30,
      "value": 0.03773584905660377,
      "rank": 7
    }, {
      "source": 30,
      "target": 31,
      "value": 0.03773584905660377,
      "rank": 7
    }, {
      "source": 0,
      "target": 1,
      "value": 0.03773584905660377,
      "rank": 8
    }, {
      "source": 1,
      "target": 32,
      "value": 0.03773584905660377,
      "rank": 8
    }, {
      "source": 32,
      "target": 33,
      "value": 0.03773584905660377,
      "rank": 8
    }, {
      "source": 33,
      "target": 34,
      "value": 0.03773584905660377,
      "rank": 8
    }, {
      "source": 34,
      "target": 35,
      "value": 0.03773584905660377,
      "rank": 8
    }, {
      "source": 35,
      "target": 36,
      "value": 0.03773584905660377,
      "rank": 8
    }, {
      "source": 36,
      "target": 29,
      "value": 0.03773584905660377,
      "rank": 8
    }, {
      "source": 29,
      "target": 8,
      "value": 0.03773584905660377,
      "rank": 8
    }, {
      "source": 8,
      "target": 30,
      "value": 0.03773584905660377,
      "rank": 8
    }, {
      "source": 30,
      "target": 31,
      "value": 0.03773584905660377,
      "rank": 8
    }]
  },
  "params": [0.25, 0.25, 0, 0, 0]
}